{
    "Categories":[
        {
            "name": "Pastries",
            "underCategories": [
            {
                "Name": "Buns",
                "ComponentsIds": [1, 4]
            },
            {
                "Name": "Danish breads",
                "ComponentsIds": [2]
            },
            {
                "Name": "Cheesecakes",
                "ComponentsIds": [3, 10]
            }
        ]
        },
        {
            "name": "Hot Drinks",
            "underCategories": [
            {
                "Name": "Coffee",
                "ComponentsIds": [5]
            },
            {
                "Name": "Tea",
                "ComponentsIds": [8]
            },
            {
                "Name": "Hot Chocolate",
                "ComponentsIds": []
            }
    
        ]
    },
        {
        "name": "Cold Drinks",
            "underCategories": [
            {
                "Name": "Ice Coffee",
                "ComponentsIds": [6]
            },
            {
                "Name": "Ice Tea",
                "ComponentsIds": [7 ]
            },
            {
                "Name": "Soda",
                "ComponentsIds": [9]
            }
        ]
        },
        {
            "name": "Food",
                "underCategories": [
                {
                    "Name": "Sallad",
                    "ComponentsIds": []
                },
                {
                    "Name": "Soup",
                    "ComponentsIds": [ ]
                }
               
            ]
            }
       
    ]

}